continent,location,population,gdp_per_capita,month,new_deaths_per_million,total_vaccinations_per_hundred
Africa,Algeria,44616626.0,13913.84,1,3.02,0.0
Africa,Algeria,44616626.0,13913.84,2,2.06,0.17
Africa,Algeria,44616626.0,13913.84,3,2.47,0.0
Africa,Algeria,44616626.0,13913.84,4,3.59,0.0
Africa,Algeria,44616626.0,13913.84,5,4.91,0.0
Africa,Algeria,44616626.0,13913.84,6,5.47,0.0
Africa,Angola,33933611.0,5819.5,1,1.79,0.0
Africa,Angola,33933611.0,5819.5,2,1.23,0.0
Africa,Angola,33933611.0,5819.5,3,0.85,0.81
Africa,Angola,33933611.0,5819.5,4,1.73,3.77
Africa,Angola,33933611.0,5819.5,5,5.01,11.3
Africa,Angola,33933611.0,5819.5,6,3.95,23.44
Africa,Benin,12451031.0,2064.24,1,0.64,0.0
Africa,Benin,12451031.0,2064.24,2,1.45,0.0
Africa,Benin,12451031.0,2064.24,3,1.61,0.0
Africa,Benin,12451031.0,2064.24,4,0.72,0.0
Africa,Benin,12451031.0,2064.24,5,0.16,0.19
Africa,Benin,12451031.0,2064.24,6,0.24,0.58
Africa,Botswana,2397240.0,15807.37,1,38.38,0.0
Africa,Botswana,2397240.0,15807.37,2,73.42,0.0
Africa,Botswana,2397240.0,15807.37,3,107.62,0.0
Africa,Botswana,2397240.0,15807.37,4,60.07,11.66
Africa,Botswana,2397240.0,15807.37,5,57.15,33.89
Africa,Botswana,2397240.0,15807.37,6,115.13,51.59
Africa,Burkina Faso,21497097.0,1703.1,1,1.63,0.0
Africa,Burkina Faso,21497097.0,1703.1,2,1.03,0.0
Africa,Burkina Faso,21497097.0,1703.1,3,0.19,0.0
Africa,Burkina Faso,21497097.0,1703.1,4,0.52,0.0
Africa,Burkina Faso,21497097.0,1703.1,5,0.42,0.0
Africa,Burkina Faso,21497097.0,1703.1,6,0.09,0.24
Africa,Burundi,12255429.0,702.22,1,0.0,0.0
Africa,Burundi,12255429.0,702.22,2,0.08,0.0
Africa,Burundi,12255429.0,702.22,3,0.24,0.0
Africa,Burundi,12255429.0,702.22,4,0.0,0.0
Africa,Burundi,12255429.0,702.22,5,0.0,0.0
Africa,Burundi,12255429.0,702.22,6,0.16,0.0
Africa,Cameroon,27224262.0,3364.93,1,0.51,0.0
Africa,Cameroon,27224262.0,3364.93,2,3.27,0.0
Africa,Cameroon,27224262.0,3364.93,3,6.25,0.0
Africa,Cameroon,27224262.0,3364.93,4,14.18,0.04
Africa,Cameroon,27224262.0,3364.93,5,6.17,1.24
Africa,Cameroon,27224262.0,3364.93,6,1.8,2.1
Africa,Cape Verde,561901.0,6222.55,1,37.37,0.0
Africa,Cape Verde,561901.0,6222.55,2,23.14,0.0
Africa,Cape Verde,561901.0,6222.55,3,37.38,0.39
Africa,Cape Verde,561901.0,6222.55,4,87.2,0.0
Africa,Cape Verde,561901.0,6222.55,5,83.64,16.42
Africa,Cape Verde,561901.0,6222.55,6,39.16,68.86
Africa,Central African Republic,4919987.0,661.24,1,0.0,0.0
Africa,Central African Republic,4919987.0,661.24,2,0.0,0.0
Africa,Central African Republic,4919987.0,661.24,3,0.81,0.0
Africa,Central African Republic,4919987.0,661.24,4,4.27,0.0
Africa,Central African Republic,4919987.0,661.24,5,2.03,0.38
Africa,Central African Republic,4919987.0,661.24,6,0.0,5.2
Africa,Chad,16914985.0,1768.15,1,0.83,0.0
Africa,Chad,16914985.0,1768.15,2,1.3,0.0
Africa,Chad,16914985.0,1768.15,3,1.42,0.0
Africa,Chad,16914985.0,1768.15,4,0.35,0.0
Africa,Chad,16914985.0,1768.15,5,0.18,0.0
Africa,Chad,16914985.0,1768.15,6,0.06,0.14
Africa,Comoros,888456.0,1413.89,1,93.42,0.0
Africa,Comoros,888456.0,1413.89,2,57.41,0.0
Africa,Comoros,888456.0,1413.89,3,2.25,0.0
Africa,Comoros,888456.0,1413.89,4,0.0,1.51
Africa,Comoros,888456.0,1413.89,5,0.0,35.01
Africa,Comoros,888456.0,1413.89,6,0.0,9.5
Africa,Congo,5657017.0,4881.41,1,1.59,0.0
Africa,Congo,5657017.0,4881.41,2,1.94,0.0
Africa,Congo,5657017.0,4881.41,3,1.24,0.0
Africa,Congo,5657017.0,4881.41,4,1.59,0.25
Africa,Congo,5657017.0,4881.41,5,1.59,1.35
Africa,Congo,5657017.0,4881.41,6,2.12,9.22
Africa,Cote d'Ivoire,27053629.0,3601.01,1,0.63,0.0
Africa,Cote d'Ivoire,27053629.0,3601.01,2,1.41,0.0
Africa,Cote d'Ivoire,27053629.0,3601.01,3,1.92,1.71
Africa,Cote d'Ivoire,27053629.0,3601.01,4,1.55,8.01
Africa,Cote d'Ivoire,27053629.0,3601.01,5,0.7,36.9
Africa,Cote d'Ivoire,27053629.0,3601.01,6,0.3,68.0
Africa,Democratic Republic of Congo,92377986.0,808.13,1,0.87,0.0
Africa,Democratic Republic of Congo,92377986.0,808.13,2,0.39,0.0
Africa,Democratic Republic of Congo,92377986.0,808.13,3,0.39,0.0
Africa,Democratic Republic of Congo,92377986.0,808.13,4,0.25,0.0
Africa,Democratic Republic of Congo,92377986.0,808.13,5,0.17,0.11
Africa,Democratic Republic of Congo,92377986.0,808.13,6,1.54,0.06
Africa,Djibouti,1002197.0,2705.41,1,2.0,0.0
Africa,Djibouti,1002197.0,2705.41,2,0.0,0.0
Africa,Djibouti,1002197.0,2705.41,3,6.99,0.0
Africa,Djibouti,1002197.0,2705.41,4,72.84,2.32
Africa,Djibouti,1002197.0,2705.41,5,10.98,1.49
Africa,Djibouti,1002197.0,2705.41,6,1.0,4.8
Africa,Egypt,104258327.0,10550.21,1,16.16,0.0
Africa,Egypt,104258327.0,10550.21,2,13.16,0.0
Africa,Egypt,104258327.0,10550.21,3,12.54,0.16
Africa,Egypt,104258327.0,10550.21,4,12.89,0.63
Africa,Egypt,104258327.0,10550.21,5,16.85,12.75
Africa,Egypt,104258327.0,10550.21,6,10.29,32.51
Africa,Equatorial Guinea,1449891.0,22604.87,1,0.0,0.0
Africa,Equatorial Guinea,1449891.0,22604.87,2,3.45,0.0
Africa,Equatorial Guinea,1449891.0,22604.87,3,7.59,1.29
Africa,Equatorial Guinea,1449891.0,22604.87,4,6.9,15.43
Africa,Equatorial Guinea,1449891.0,22604.87,5,4.14,70.31
Africa,Equatorial Guinea,1449891.0,22604.87,6,2.07,158.21
Africa,Eritrea,3601462.0,1510.46,1,1.11,0.0
Africa,Eritrea,3601462.0,1510.46,2,0.0,0.0
Africa,Eritrea,3601462.0,1510.46,3,0.83,0.0
Africa,Eritrea,3601462.0,1510.46,4,0.0,0.0
Africa,Eritrea,3601462.0,1510.46,5,1.11,0.0
Africa,Eritrea,3601462.0,1510.46,6,2.5,0.0
Africa,Eswatini,1172369.0,7738.98,1,307.08,0.0
Africa,Eswatini,1172369.0,7738.98,2,74.21,0.0
Africa,Eswatini,1172369.0,7738.98,3,12.79,0.0
Africa,Eswatini,1172369.0,7738.98,4,3.41,18.29
Africa,Eswatini,1172369.0,7738.98,5,1.71,3.0
Africa,Eswatini,1172369.0,7738.98,6,4.26,11.83
Africa,Ethiopia,117876226.0,1729.93,1,1.44,0.0
Africa,Ethiopia,117876226.0,1729.93,2,2.31,0.0
Africa,Ethiopia,117876226.0,1729.93,3,4.24,0.0
Africa,Ethiopia,117876226.0,1729.93,4,6.98,3.15
Africa,Ethiopia,117876226.0,1729.93,5,4.05,38.82
Africa,Ethiopia,117876226.0,1729.93,6,1.31,47.76
Africa,Gabon,2278829.0,16562.41,1,1.76,0.0
Africa,Gabon,2278829.0,16562.41,2,6.58,0.0
Africa,Gabon,2278829.0,16562.41,3,15.36,0.01
Africa,Gabon,2278829.0,16562.41,4,9.22,2.24
Africa,Gabon,2278829.0,16562.41,5,5.71,2.29
Africa,Gabon,2278829.0,16562.41,6,3.07,9.87
Africa,Gambia,2486937.0,1561.77,1,1.61,0.0
Africa,Gambia,2486937.0,1561.77,2,8.84,0.0
Africa,Gambia,2486937.0,1561.77,3,6.03,0.21
Africa,Gambia,2486937.0,1561.77,4,3.62,2.02
Africa,Gambia,2486937.0,1561.77,5,2.01,4.22
Africa,Gambia,2486937.0,1561.77,6,0.8,5.02
Africa,Ghana,31732128.0,4227.63,1,2.56,0.0
Africa,Ghana,31732128.0,4227.63,2,6.02,0.0
Africa,Ghana,31732128.0,4227.63,3,4.29,4.49
Africa,Ghana,31732128.0,4227.63,4,1.14,18.35
Africa,Ghana,31732128.0,4227.63,5,0.19,6.54
Africa,Ghana,31732128.0,4227.63,6,0.35,3.89
Africa,Guinea,13497237.0,1998.93,1,0.07,0.0
Africa,Guinea,13497237.0,1998.93,2,0.52,0.0
Africa,Guinea,13497237.0,1998.93,3,2.66,0.46
Africa,Guinea,13497237.0,1998.93,4,1.41,12.71
Africa,Guinea,13497237.0,1998.93,5,1.26,27.47
Africa,Guinea,13497237.0,1998.93,6,0.74,55.47
Africa,Guinea-Bissau,2015490.0,1548.68,1,0.0,0.0
Africa,Guinea-Bissau,2015490.0,1548.68,2,1.49,0.0
Africa,Guinea-Bissau,2015490.0,1548.68,3,7.44,0.0
Africa,Guinea-Bissau,2015490.0,1548.68,4,1.98,0.0
Africa,Guinea-Bissau,2015490.0,1548.68,5,0.5,0.29
Africa,Guinea-Bissau,2015490.0,1548.68,6,0.5,2.07
Africa,Kenya,54985702.0,2993.03,1,1.69,0.0
Africa,Kenya,54985702.0,2993.03,2,1.69,0.0
Africa,Kenya,54985702.0,2993.03,3,5.4,0.64
Africa,Kenya,54985702.0,2993.03,4,10.39,6.89
Africa,Kenya,54985702.0,2993.03,5,8.15,22.56
Africa,Kenya,54985702.0,2993.03,6,8.4,55.79
Africa,Lesotho,2159067.0,2851.15,1,56.04,0.0
Africa,Lesotho,2159067.0,2851.15,2,55.58,0.0
Africa,Lesotho,2159067.0,2851.15,3,10.65,0.0
Africa,Lesotho,2159067.0,2851.15,4,0.46,0.74
Africa,Lesotho,2159067.0,2851.15,5,4.63,3.4
Africa,Lesotho,2159067.0,2851.15,6,1.39,0.0
Africa,Liberia,5180208.0,752.79,1,0.19,0.0
Africa,Liberia,5180208.0,752.79,2,0.19,0.0
Africa,Liberia,5180208.0,752.79,3,0.0,0.0
Africa,Liberia,5180208.0,752.79,4,0.0,0.0
Africa,Liberia,5180208.0,752.79,5,0.19,4.91
Africa,Liberia,5180208.0,752.79,6,7.91,9.44
Africa,Libya,6958538.0,17881.51,1,57.34,0.0
Africa,Libya,6958538.0,17881.51,2,43.4,0.0
Africa,Libya,6958538.0,17881.51,3,70.13,0.0
Africa,Libya,6958538.0,17881.51,4,52.03,0.01
Africa,Libya,6958538.0,17881.51,5,13.94,1.53
Africa,Libya,6958538.0,17881.51,6,9.63,28.64
Africa,Madagascar,28427333.0,1416.44,1,0.7,0.0
Africa,Madagascar,28427333.0,1416.44,2,0.56,0.0
Africa,Madagascar,28427333.0,1416.44,3,4.26,0.0
Africa,Madagascar,28427333.0,1416.44,4,7.92,0.0
Africa,Madagascar,28427333.0,1416.44,5,6.9,0.33
Africa,Madagascar,28427333.0,1416.44,6,2.6,3.67
Africa,Malawi,19647681.0,1095.04,1,26.11,0.0
Africa,Malawi,19647681.0,1095.04,2,17.41,0.0
Africa,Malawi,19647681.0,1095.04,3,3.72,3.79
Africa,Malawi,19647681.0,1095.04,4,1.58,25.79
Africa,Malawi,19647681.0,1095.04,5,0.36,32.68
Africa,Malawi,19647681.0,1095.04,6,2.09,46.29
Africa,Mali,20855724.0,2014.31,1,2.93,0.0
Africa,Mali,20855724.0,2014.31,2,1.1,0.0
Africa,Mali,20855724.0,2014.31,3,1.54,0.0
Africa,Mali,20855724.0,2014.31,4,4.75,0.37
Africa,Mali,20855724.0,2014.31,5,1.58,1.96
Africa,Mali,20855724.0,2014.31,6,0.38,3.96
Africa,Mauritania,4775110.0,3597.63,1,15.7,0.0
Africa,Mauritania,4775110.0,3597.63,2,3.97,0.0
Africa,Mauritania,4775110.0,3597.63,3,1.67,0.0
Africa,Mauritania,4775110.0,3597.63,4,1.25,0.24
Africa,Mauritania,4775110.0,3597.63,5,1.67,2.84
Africa,Mauritania,4775110.0,3597.63,6,5.44,10.2
Africa,Mauritius,1273428.0,20292.74,1,0.0,0.0
Africa,Mauritius,1273428.0,20292.74,2,0.0,0.32
Africa,Mauritius,1273428.0,20292.74,3,1.57,9.21
Africa,Mauritius,1273428.0,20292.74,4,3.93,0.0
Africa,Mauritius,1273428.0,20292.74,5,0.78,48.8
Africa,Mauritius,1273428.0,20292.74,6,0.0,138.3
Africa,Morocco,37344787.0,7485.01,1,23.75,0.58
Africa,Morocco,37344787.0,7485.01,2,9.32,102.9
Africa,Morocco,37344787.0,7485.01,3,5.22,412.91
Africa,Morocco,37344787.0,7485.01,4,5.49,558.75
Africa,Morocco,37344787.0,7485.01,5,3.32,590.42
Africa,Morocco,37344787.0,7485.01,6,3.99,1039.07
Africa,Mozambique,32163045.0,1136.1,1,6.25,0.0
Africa,Mozambique,32163045.0,1136.1,2,8.52,0.0
Africa,Mozambique,32163045.0,1136.1,3,4.16,0.32
Africa,Mozambique,32163045.0,1136.1,4,1.21,0.0
Africa,Mozambique,32163045.0,1136.1,5,0.68,3.56
Africa,Mozambique,32163045.0,1136.1,6,1.3,2.59
Africa,Namibia,2587344.0,9541.81,1,56.81,0.0
Africa,Namibia,2587344.0,9541.81,2,27.82,0.0
Africa,Namibia,2587344.0,9541.81,3,38.26,0.07
Africa,Namibia,2587344.0,9541.81,4,45.99,5.26
Africa,Namibia,2587344.0,9541.81,5,72.66,52.63
Africa,Namibia,2587344.0,9541.81,6,267.07,124.26
Africa,Niger,25130810.0,926.0,1,2.19,0.0
Africa,Niger,25130810.0,926.0,2,0.52,0.0
Africa,Niger,25130810.0,926.0,3,0.56,0.0
Africa,Niger,25130810.0,926.0,4,0.2,0.01
Africa,Niger,25130810.0,926.0,5,0.04,1.4
Africa,Niger,25130810.0,926.0,6,0.04,2.48
Africa,Nigeria,211400704.0,5338.45,1,1.41,0.0
Africa,Nigeria,211400704.0,5338.45,2,1.52,0.0
Africa,Nigeria,211400704.0,5338.45,3,0.71,0.71
Africa,Nigeria,211400704.0,5338.45,4,0.03,8.33
Africa,Nigeria,211400704.0,5338.45,5,0.17,24.5
Africa,Nigeria,211400704.0,5338.45,6,0.1,7.36
Africa,Rwanda,13276517.0,1854.21,1,7.84,0.0
Africa,Rwanda,13276517.0,1854.21,2,4.9,0.0
Africa,Rwanda,13276517.0,1854.21,3,3.46,43.27
Africa,Rwanda,13276517.0,1854.21,4,2.11,7.9
Africa,Rwanda,13276517.0,1854.21,5,1.35,5.65
Africa,Rwanda,13276517.0,1854.21,6,6.4,4.36
Africa,Sao Tome and Principe,223364.0,3052.71,1,0.0,0.0
Africa,Sao Tome and Principe,223364.0,3052.71,2,53.72,0.0
Africa,Sao Tome and Principe,223364.0,3052.71,3,22.38,6.13
Africa,Sao Tome and Principe,223364.0,3052.71,4,4.48,0.0
Africa,Sao Tome and Principe,223364.0,3052.71,5,13.43,20.5
Africa,Sao Tome and Principe,223364.0,3052.71,6,-4.48,55.29
Africa,Senegal,17196308.0,2470.58,1,12.68,0.0
Africa,Senegal,17196308.0,2470.58,2,14.19,0.53
Africa,Senegal,17196308.0,2470.58,3,10.41,22.33
Africa,Senegal,17196308.0,2470.58,4,3.25,52.18
Africa,Senegal,17196308.0,2470.58,5,1.86,36.52
Africa,Senegal,17196308.0,2470.58,6,1.57,17.49
Africa,Seychelles,98910.0,26382.29,1,30.33,202.43
Africa,Seychelles,98910.0,26382.29,2,80.88,999.11
Africa,Seychelles,98910.0,26382.29,3,90.99,984.56
Africa,Seychelles,98910.0,26382.29,4,70.77,1052.8
Africa,Seychelles,98910.0,26382.29,5,131.43,794.56
Africa,Seychelles,98910.0,26382.29,6,161.76,695.54
Africa,Sierra Leone,8141343.0,1390.3,1,0.37,0.0
Africa,Sierra Leone,8141343.0,1390.3,2,0.0,0.0
Africa,Sierra Leone,8141343.0,1390.3,3,0.0,0.84
Africa,Sierra Leone,8141343.0,1390.3,4,0.0,3.68
Africa,Sierra Leone,8141343.0,1390.3,5,0.0,2.53
Africa,Sierra Leone,8141343.0,1390.3,6,2.58,4.45
Africa,South Africa,60041996.0,12294.88,1,261.4,0.0
Africa,South Africa,60041996.0,12294.88,2,97.08,0.65
Africa,South Africa,60041996.0,12294.88,3,47.52,6.78
Africa,South Africa,60041996.0,12294.88,4,25.05,5.3
Africa,South Africa,60041996.0,12294.88,5,35.91,27.49
Africa,South Africa,60041996.0,12294.88,6,68.97,88.23
Africa,South Sudan,11381377.0,1569.89,1,0.09,0.0
Africa,South Sudan,11381377.0,1569.89,2,2.55,0.0
Africa,South Sudan,11381377.0,1569.89,3,1.41,0.0
Africa,South Sudan,11381377.0,1569.89,4,0.53,0.01
Africa,South Sudan,11381377.0,1569.89,5,0.0,0.42
Africa,South Sudan,11381377.0,1569.89,6,0.18,1.21
Africa,Sudan,44909351.0,4466.51,1,7.55,0.0
Africa,Sudan,44909351.0,4466.51,2,1.62,0.0
Africa,Sudan,44909351.0,4466.51,3,4.08,0.0
Africa,Sudan,44909351.0,4466.51,4,6.37,0.77
Africa,Sudan,44909351.0,4466.51,5,6.28,0.8
Africa,Sudan,44909351.0,4466.51,6,2.74,8.63
Africa,Tanzania,61498438.0,2683.3,1,0.0,0.0
Africa,Tanzania,61498438.0,2683.3,2,0.0,0.0
Africa,Tanzania,61498438.0,2683.3,3,0.0,0.0
Africa,Tanzania,61498438.0,2683.3,4,0.0,0.0
Africa,Tanzania,61498438.0,2683.3,5,0.0,0.0
Africa,Tanzania,61498438.0,2683.3,6,0.0,0.0
Africa,Togo,8478242.0,1429.81,1,1.06,0.0
Africa,Togo,8478242.0,1429.81,2,0.83,0.0
Africa,Togo,8478242.0,1429.81,3,2.95,0.5
Africa,Togo,8478242.0,1429.81,4,1.65,4.05
Africa,Togo,8478242.0,1429.81,5,0.24,3.68
Africa,Togo,8478242.0,1429.81,6,0.47,7.86
Africa,Tunisia,11935764.0,10849.3,1,174.09,0.0
Africa,Tunisia,11935764.0,10849.3,2,104.48,0.0
Africa,Tunisia,11935764.0,10849.3,3,67.95,1.95
Africa,Tunisia,11935764.0,10849.3,4,160.03,45.39
Africa,Tunisia,11935764.0,10849.3,5,161.87,143.55
Africa,Tunisia,11935764.0,10849.3,6,193.12,361.17
Africa,Uganda,47123533.0,1697.71,1,1.55,0.0
Africa,Uganda,47123533.0,1697.71,2,0.21,0.0
Africa,Uganda,47123533.0,1697.71,3,0.02,1.26
Africa,Uganda,47123533.0,1697.71,4,0.15,9.44
Africa,Uganda,47123533.0,1697.71,5,0.42,23.84
Africa,Uganda,47123533.0,1697.71,6,14.03,32.46
Africa,Zambia,18920657.0,3689.25,1,19.82,0.0
Africa,Zambia,18920657.0,3689.25,2,17.34,0.0
Africa,Zambia,18920657.0,3689.25,3,6.19,0.0
Africa,Zambia,18920657.0,3689.25,4,2.28,0.66
Africa,Zambia,18920657.0,3689.25,5,1.59,11.72
Africa,Zambia,18920657.0,3689.25,6,48.52,6.37
Africa,Zimbabwe,15092171.0,1899.78,1,56.59,0.0
Africa,Zimbabwe,15092171.0,1899.78,2,16.3,0.48
Africa,Zimbabwe,15092171.0,1899.78,3,3.98,9.45
Africa,Zimbabwe,15092171.0,1899.78,4,2.91,46.72
Africa,Zimbabwe,15092171.0,1899.78,5,1.79,143.9
Africa,Zimbabwe,15092171.0,1899.78,6,12.92,211.57
Asia,Afghanistan,39835428.0,1803.99,1,5.3,0.0
Asia,Afghanistan,39835428.0,1803.99,2,1.08,0.02
Asia,Afghanistan,39835428.0,1803.99,3,1.03,0.14
Asia,Afghanistan,39835428.0,1803.99,4,3.54,0.9
Asia,Afghanistan,39835428.0,1803.99,5,8.01,8.57
Asia,Afghanistan,39835428.0,1803.99,6,48.38,12.67
Asia,Armenia,2968128.0,8787.58,1,86.59,0.0
Asia,Armenia,2968128.0,8787.58,2,37.74,0.0
Asia,Armenia,2968128.0,8787.58,3,108.82,0.02
Asia,Armenia,2968128.0,8787.58,4,199.79,0.0
Asia,Armenia,2968128.0,8787.58,5,111.18,3.03
Asia,Armenia,2968128.0,8787.58,6,25.61,8.13
Asia,Azerbaijan,10223344.0,15847.42,1,48.03,0.0
Asia,Azerbaijan,10223344.0,15847.42,2,8.6,0.64
Asia,Azerbaijan,10223344.0,15847.42,3,33.94,41.55
Asia,Azerbaijan,10223344.0,15847.42,4,92.93,360.96
Asia,Azerbaijan,10223344.0,15847.42,5,38.74,522.52
Asia,Azerbaijan,10223344.0,15847.42,6,5.97,810.59
Asia,Bahrain,1748295.0,43290.7,1,13.16,50.8
Asia,Bahrain,1748295.0,43290.7,2,42.33,0.0
Asia,Bahrain,1748295.0,43290.7,3,41.18,924.59
Asia,Bahrain,1748295.0,43290.7,4,71.5,1757.25
Asia,Bahrain,1748295.0,43290.7,5,191.05,2627.57
Asia,Bahrain,1748295.0,43290.7,6,212.78,3292.95
Asia,Bangladesh,166303494.0,3523.98,1,3.41,0.0
Asia,Bangladesh,166303494.0,3523.98,2,1.69,15.99
Asia,Bangladesh,166303494.0,3523.98,3,3.83,37.91
Asia,Bangladesh,166303494.0,3523.98,4,14.45,78.13
Asia,Bangladesh,166303494.0,3523.98,5,7.02,120.07
Asia,Bangladesh,166303494.0,3523.98,6,11.33,127.16
Asia,Bhutan,779900.0,8708.6,1,1.28,0.0
Asia,Bhutan,779900.0,8708.6,2,0.0,0.0
Asia,Bhutan,779900.0,8708.6,3,0.0,164.07
Asia,Bhutan,779900.0,8708.6,4,0.0,1822.94
Asia,Bhutan,779900.0,8708.6,5,0.0,1421.03
Asia,Bhutan,779900.0,8708.6,6,0.0,124.24
Asia,Brunei,441532.0,71809.25,1,0.0,0.0
Asia,Brunei,441532.0,71809.25,2,0.0,0.0
Asia,Brunei,441532.0,71809.25,3,0.0,0.0
Asia,Brunei,441532.0,71809.25,4,0.0,40.56
Asia,Brunei,441532.0,71809.25,5,0.0,129.41
Asia,Brunei,441532.0,71809.25,6,0.0,229.58
Asia,Cambodia,16946446.0,3645.07,1,0.0,0.0
Asia,Cambodia,16946446.0,3645.07,2,0.0,2.54
Asia,Cambodia,16946446.0,3645.07,3,0.65,65.24
Asia,Cambodia,16946446.0,3645.07,4,4.84,252.04
Asia,Cambodia,16946446.0,3645.07,5,7.14,617.48
Asia,Cambodia,16946446.0,3645.07,6,22.89,1018.59
Asia,China,1444216102.0,15308.71,1,0.0,5.59
Asia,China,1444216102.0,15308.71,2,0.0,8.61
Asia,China,1444216102.0,15308.71,3,0.0,78.41
Asia,China,1444216102.0,15308.71,4,0.0,387.81
Asia,China,1444216102.0,15308.71,5,0.0,916.77
Asia,China,1444216102.0,15308.71,6,0.0,1979.17
Asia,Georgia,3979773.0,9745.08,1,169.1,0.0
Asia,Georgia,3979773.0,9745.08,2,83.42,0.0
Asia,Georgia,3979773.0,9745.08,3,67.34,0.32
Asia,Georgia,3979773.0,9745.08,4,83.42,14.54
Asia,Georgia,3979773.0,9745.08,5,166.59,53.63
Asia,Georgia,3979773.0,9745.08,6,136.44,137.03
Asia,Hong Kong,7552800.0,56054.92,1,4.37,0.0
Asia,Hong Kong,7552800.0,56054.92,2,2.38,0.57
Asia,Hong Kong,7552800.0,56054.92,3,0.79,103.86
Asia,Hong Kong,7552800.0,56054.92,4,0.53,385.79
Asia,Hong Kong,7552800.0,56054.92,5,0.13,795.06
Asia,Hong Kong,7552800.0,56054.92,6,0.13,1208.37
Asia,India,1393409033.0,6426.67,1,3.87,2.04
Asia,India,1393409033.0,6426.67,2,1.98,17.08
Asia,India,1393409033.0,6426.67,3,4.14,83.68
Asia,India,1393409033.0,6426.67,4,35.11,218.03
Asia,India,1393409033.0,6426.67,5,86.15,389.88
Asia,India,1393409033.0,6426.67,6,48.49,569.11
Asia,Indonesia,276361788.0,11188.74,1,28.44,1.02
Asia,Indonesia,276361788.0,11188.74,2,22.32,13.06
Asia,Indonesia,276361788.0,11188.74,3,16.98,57.48
Asia,Indonesia,276361788.0,11188.74,4,16.87,131.98
Asia,Indonesia,276361788.0,11188.74,5,18.3,152.11
Asia,Indonesia,276361788.0,11188.74,6,28.63,365.49
Asia,Iran,85028760.0,19082.62,1,32.18,0.0
Asia,Iran,85028760.0,19082.62,2,24.86,0.01
Asia,Iran,85028760.0,19082.62,3,30.49,0.53
Asia,Iran,85028760.0,19082.62,4,106.94,6.24
Asia,Iran,85028760.0,19082.62,5,98.77,11.81
Asia,Iran,85028760.0,19082.62,6,48.31,23.56
Asia,Iraq,41179351.0,15663.99,1,5.68,0.0
Asia,Iraq,41179351.0,15663.99,2,8.72,0.0
Asia,Iraq,41179351.0,15663.99,3,22.27,0.06
Asia,Iraq,41179351.0,15663.99,4,27.73,2.05
Asia,Iraq,41179351.0,15663.99,5,22.1,5.11
Asia,Iraq,41179351.0,15663.99,6,19.7,5.16
Asia,Israel,8789776.0,33132.32,1,167.36,981.7
Asia,Israel,8789776.0,33132.32,2,108.76,2103.49
Asia,Israel,8789776.0,33132.32,3,51.99,3299.25
Asia,Israel,8789776.0,33132.32,4,17.52,3515.49
Asia,Israel,8789776.0,33132.32,5,5.58,3717.21
Asia,Israel,8789776.0,33132.32,6,1.94,3637.0
Asia,Japan,126050796.0,39002.22,1,19.53,0.0
Asia,Japan,126050796.0,39002.22,2,16.95,0.06
Asia,Japan,126050796.0,39002.22,3,10.05,7.65
Asia,Japan,126050796.0,39002.22,4,8.28,47.79
Asia,Japan,126050796.0,39002.22,5,22.27,214.89
Asia,Japan,126050796.0,39002.22,6,13.68,783.84
Asia,Jordan,10269022.0,8337.49,1,46.94,0.68
Asia,Jordan,10269022.0,8337.49,2,37.49,2.24
Asia,Jordan,10269022.0,8337.49,3,210.05,14.11
Asia,Jordan,10269022.0,8337.49,4,192.62,27.68
Asia,Jordan,10269022.0,8337.49,5,60.96,78.34
Asia,Jordan,10269022.0,8337.49,6,28.05,553.94
Asia,Kazakhstan,18994958.0,24055.59,1,19.85,0.0
Asia,Kazakhstan,18994958.0,24055.59,2,13.84,0.19
Asia,Kazakhstan,18994958.0,24055.59,3,132.83,1.04
Asia,Kazakhstan,18994958.0,24055.59,4,34.17,38.06
Asia,Kazakhstan,18994958.0,24055.59,5,40.01,282.56
Asia,Kazakhstan,18994958.0,24055.59,6,23.06,648.25
Asia,Kuwait,4328553.0,65530.54,1,5.78,0.81
Asia,Kuwait,4328553.0,65530.54,2,28.64,4.04
Asia,Kuwait,4328553.0,65530.54,3,53.13,34.72
Asia,Kuwait,4328553.0,65530.54,4,57.75,42.97
Asia,Kuwait,4328553.0,65530.54,5,48.28,106.9
Asia,Kuwait,4328553.0,65530.54,6,45.51,0.0
Asia,Kyrgyzstan,6628347.0,3393.47,1,8.6,0.0
Asia,Kyrgyzstan,6628347.0,3393.47,2,8.15,0.0
Asia,Kyrgyzstan,6628347.0,3393.47,3,5.13,0.0
Asia,Kyrgyzstan,6628347.0,3393.47,4,15.69,0.47
Asia,Kyrgyzstan,6628347.0,3393.47,5,30.78,1.47
Asia,Kyrgyzstan,6628347.0,3393.47,6,28.96,4.67
Asia,Laos,7379358.0,6397.36,1,0.0,0.0
Asia,Laos,7379358.0,6397.36,2,0.0,0.0
Asia,Laos,7379358.0,6397.36,3,0.0,0.55
Asia,Laos,7379358.0,6397.36,4,0.0,15.3
Asia,Laos,7379358.0,6397.36,5,0.41,108.08
Asia,Laos,7379358.0,6397.36,6,0.0,379.93
Asia,Lebanon,6769151.0,13367.56,1,238.43,0.0
Asia,Lebanon,6769151.0,13367.56,2,237.84,3.95
Asia,Lebanon,6769151.0,13367.56,3,227.8,51.48
Asia,Lebanon,6769151.0,13367.56,4,154.23,123.92
Asia,Lebanon,6769151.0,13367.56,5,66.62,220.91
Asia,Lebanon,6769151.0,13367.56,6,18.02,433.97
Asia,Macao,658391.0,104861.85,2,0.0,7.99
Asia,Macao,658391.0,104861.85,3,0.0,148.33
Asia,Macao,658391.0,104861.85,4,0.0,348.3
Asia,Macao,658391.0,104861.85,5,0.0,608.07
Asia,Macao,658391.0,104861.85,6,0.0,1193.75
Asia,Malaysia,32776195.0,26808.16,1,8.82,0.0
Asia,Malaysia,32776195.0,26808.16,2,11.44,0.12
Asia,Malaysia,32776195.0,26808.16,3,4.19,32.98
Asia,Malaysia,32776195.0,26808.16,4,7.14,100.98
Asia,Malaysia,32776195.0,26808.16,5,39.36,200.79
Asia,Malaysia,32776195.0,26808.16,6,72.43,484.62
Asia,Maldives,543620.0,15183.62,1,7.36,0.0
Asia,Maldives,543620.0,15183.62,2,18.4,238.09
Asia,Maldives,543620.0,15183.62,3,9.2,1109.6
Asia,Maldives,543620.0,15183.62,4,11.04,1571.27
Asia,Maldives,543620.0,15183.62,5,160.04,2467.86
Asia,Maldives,543620.0,15183.62,6,91.98,2547.51
Asia,Mongolia,3329282.0,11840.85,1,0.3,0.0
Asia,Mongolia,3329282.0,11840.85,2,0.0,0.44
Asia,Mongolia,3329282.0,11840.85,3,1.8,94.88
Asia,Mongolia,3329282.0,11840.85,4,32.14,255.45
Asia,Mongolia,3329282.0,11840.85,5,48.36,2120.09
Asia,Mongolia,3329282.0,11840.85,6,86.2,2430.64
Asia,Myanmar,54806014.0,5591.6,1,8.19,0.01
Asia,Myanmar,54806014.0,5591.6,2,1.24,0.69
Asia,Myanmar,54806014.0,5591.6,3,0.13,1.9
Asia,Myanmar,54806014.0,5591.6,4,0.05,3.28
Asia,Myanmar,54806014.0,5591.6,5,0.14,10.1
Asia,Myanmar,54806014.0,5591.6,6,2.13,6.15
Asia,Nepal,29674920.0,2442.8,1,5.83,0.0
Asia,Nepal,29674920.0,2442.8,2,25.1,2.27
Asia,Nepal,29674920.0,2442.8,3,8.63,5.39
Asia,Nepal,29674920.0,2442.8,4,8.39,129.2
Asia,Nepal,29674920.0,2442.8,5,138.4,117.39
Asia,Nepal,29674920.0,2442.8,6,58.16,127.74
Asia,Oman,5223376.0,37960.71,1,5.74,9.71
Asia,Oman,5223376.0,37960.71,2,7.85,16.48
Asia,Oman,5223376.0,37960.71,3,20.67,18.16
Asia,Oman,5223376.0,37960.71,4,63.56,19.42
Asia,Oman,5223376.0,37960.71,5,64.13,5.68
Asia,Oman,5223376.0,37960.71,6,144.54,41.84
Asia,Pakistan,225199929.0,5034.71,1,6.69,0.0
Asia,Pakistan,225199929.0,5034.71,2,5.39,0.06
Asia,Pakistan,225199929.0,5034.71,3,7.26,0.52
Asia,Pakistan,225199929.0,5034.71,4,15.22,2.42
Asia,Pakistan,225199929.0,5034.71,5,12.85,16.95
Asia,Pakistan,225199929.0,5034.71,6,6.53,65.97
Asia,Palestine,5222756.0,4449.9,1,82.91,0.0
Asia,Palestine,5222756.0,4449.9,2,40.02,0.0
Asia,Palestine,5222756.0,4449.9,3,112.01,3.24
Asia,Palestine,5222756.0,4449.9,4,119.09,67.46
Asia,Palestine,5222756.0,4449.9,5,47.48,111.14
Asia,Palestine,5222756.0,4449.9,6,12.63,276.21
Asia,Philippines,111046910.0,7599.19,1,13.55,0.0
Asia,Philippines,111046910.0,7599.19,2,14.12,0.0
Asia,Philippines,111046910.0,7599.19,3,8.81,3.1
Asia,Philippines,111046910.0,7599.19,4,35.45,25.83
Asia,Philippines,111046910.0,7599.19,5,33.61,64.82
Asia,Philippines,111046910.0,7599.19,6,33.29,154.27
Asia,Qatar,2930524.0,116935.6,1,1.02,1.71
Asia,Qatar,2930524.0,116935.6,2,3.41,4.78
Asia,Qatar,2930524.0,116935.6,3,11.26,304.99
Asia,Qatar,2930524.0,116935.6,4,56.98,1220.29
Asia,Qatar,2930524.0,116935.6,5,33.44,2098.45
Asia,Qatar,2930524.0,116935.6,6,11.6,2902.28
Asia,Saudi Arabia,35340680.0,49045.41,1,4.3,4.09
Asia,Saudi Arabia,35340680.0,49045.41,2,3.36,10.97
Asia,Saudi Arabia,35340680.0,49045.41,3,4.95,218.19
Asia,Saudi Arabia,35340680.0,49045.41,4,8.15,582.07
Asia,Saudi Arabia,35340680.0,49045.41,5,11.46,1031.18
Asia,Saudi Arabia,35340680.0,49045.41,6,12.93,1366.53
Asia,Singapore,5896684.0,85535.38,1,0.0,5.74
Asia,Singapore,5896684.0,85535.38,2,0.0,13.52
Asia,Singapore,5896684.0,85535.38,3,0.17,111.76
Asia,Singapore,5896684.0,85535.38,4,0.0,91.56
Asia,Singapore,5896684.0,85535.38,5,0.51,297.13
Asia,Singapore,5896684.0,85535.38,6,0.51,330.33
Asia,South Korea,51305184.0,35938.37,1,9.9,0.0
Asia,South Korea,51305184.0,35938.37,2,3.5,0.17
Asia,South Korea,51305184.0,35938.37,3,2.53,34.95
Asia,South Korea,51305184.0,35938.37,4,1.87,102.5
Asia,South Korea,51305184.0,35938.37,5,2.57,311.55
Asia,South Korea,51305184.0,35938.37,6,1.12,884.28
Asia,Sri Lanka,21497306.0,11669.08,1,5.21,0.48
Asia,Sri Lanka,21497306.0,11669.08,2,6.89,29.77
Asia,Sri Lanka,21497306.0,11669.08,3,4.84,96.66
Asia,Sri Lanka,21497306.0,11669.08,4,5.12,38.86
Asia,Sri Lanka,21497306.0,11669.08,5,35.49,198.69
Asia,Sri Lanka,21497306.0,11669.08,6,76.1,318.18
Asia,Tajikistan,9749625.0,2896.91,1,0.1,0.0
Asia,Tajikistan,9749625.0,2896.91,2,0.0,0.0
Asia,Tajikistan,9749625.0,2896.91,3,0.0,0.0
Asia,Tajikistan,9749625.0,2896.91,4,0.0,0.0
Asia,Tajikistan,9749625.0,2896.91,5,0.0,3.87
Asia,Tajikistan,9749625.0,2896.91,6,0.0,5.69
Asia,Thailand,69950844.0,16277.67,1,0.2,0.0
Asia,Thailand,69950844.0,16277.67,2,0.09,0.0
Asia,Thailand,69950844.0,16277.67,3,0.15,0.55
Asia,Thailand,69950844.0,16277.67,4,1.56,29.98
Asia,Thailand,69950844.0,16277.67,5,11.84,100.74
Asia,Thailand,69950844.0,16277.67,6,14.18,284.41
Asia,Timor,1343875.0,6570.1,1,0.0,0.0
Asia,Timor,1343875.0,6570.1,2,0.0,0.0
Asia,Timor,1343875.0,6570.1,3,0.0,0.0
Asia,Timor,1343875.0,6570.1,4,2.23,0.2
Asia,Timor,1343875.0,6570.1,5,9.67,10.58
Asia,Timor,1343875.0,6570.1,6,5.21,52.34
Asia,Turkey,85042736.0,25129.34,1,60.11,25.56
Asia,Turkey,85042736.0,25129.34,2,30.29,156.91
Asia,Turkey,85042736.0,25129.34,3,34.9,419.51
Asia,Turkey,85042736.0,25129.34,4,101.06,685.12
Asia,Turkey,85042736.0,25129.34,5,86.97,956.32
Asia,Turkey,85042736.0,25129.34,6,25.93,1352.53
Asia,Turkmenistan,6117933.0,16389.02,2,0.0,0.85
Asia,United Arab Emirates,9991083.0,67293.48,1,18.12,523.79
Asia,United Arab Emirates,9991083.0,67293.48,2,37.13,1388.95
Asia,United Arab Emirates,9991083.0,67293.48,3,27.62,2157.25
Asia,United Arab Emirates,9991083.0,67293.48,4,9.0,2531.94
Asia,United Arab Emirates,9991083.0,67293.48,5,9.3,3244.79
Asia,United Arab Emirates,9991083.0,67293.48,6,13.11,3821.71
Asia,Uzbekistan,33935765.0,6253.1,1,0.2,0.0
Asia,Uzbekistan,33935765.0,6253.1,2,0.03,0.0
Asia,Uzbekistan,33935765.0,6253.1,3,0.2,0.0
Asia,Uzbekistan,33935765.0,6253.1,4,0.58,7.01
Asia,Uzbekistan,33935765.0,6253.1,5,1.21,20.97
Asia,Uzbekistan,33935765.0,6253.1,6,1.35,14.24
Asia,Vietnam,98168829.0,6171.88,1,0.0,0.0
Asia,Vietnam,98168829.0,6171.88,2,0.0,0.0
Asia,Vietnam,98168829.0,6171.88,3,0.0,0.66
Asia,Vietnam,98168829.0,6171.88,4,0.0,4.14
Asia,Vietnam,98168829.0,6171.88,5,0.12,10.09
Asia,Vietnam,98168829.0,6171.88,6,0.34,59.72
Asia,Yemen,30490639.0,1479.15,1,0.16,0.0
Asia,Yemen,30490639.0,1479.15,2,0.62,0.0
Asia,Yemen,30490639.0,1479.15,3,8.33,0.0
Asia,Yemen,30490639.0,1479.15,4,11.08,0.0
Asia,Yemen,30490639.0,1479.15,5,3.12,0.4
Asia,Yemen,30490639.0,1479.15,6,1.32,3.84
Europe,Albania,2872934.0,11803.43,1,69.27,0.13
Europe,Albania,2872934.0,11803.43,2,144.8,0.96
Europe,Albania,2872934.0,11803.43,3,152.81,27.3
Europe,Albania,2872934.0,11803.43,4,55.34,291.49
Europe,Albania,2872934.0,11803.43,5,19.84,542.93
Europe,Albania,2872934.0,11803.43,6,1.74,657.98
Europe,Austria,9043072.0,45436.69,1,165.76,40.74
Europe,Austria,9043072.0,45436.69,2,92.89,149.5
Europe,Austria,9043072.0,45436.69,3,86.04,409.64
Europe,Austria,9043072.0,45436.69,4,95.76,806.99
Europe,Austria,9043072.0,45436.69,5,44.01,1439.1
Europe,Austria,9043072.0,45436.69,6,10.95,2185.45
Europe,Belarus,9442867.0,17167.97,1,31.13,0.0
Europe,Belarus,9442867.0,17167.97,2,27.32,0.22
Europe,Belarus,9442867.0,17167.97,3,28.69,1.04
Europe,Belarus,9442867.0,17167.97,4,31.24,4.73
Europe,Belarus,9442867.0,17167.97,5,32.72,20.74
Europe,Belarus,9442867.0,17167.97,6,30.92,21.16
Europe,Belgium,11632334.0,42658.58,1,134.45,37.21
Europe,Belgium,11632334.0,42658.58,2,84.68,152.37
Europe,Belgium,11632334.0,42658.58,3,80.72,368.71
Europe,Belgium,11632334.0,42658.58,4,104.37,766.62
Europe,Belgium,11632334.0,42658.58,5,62.33,1448.02
Europe,Belgium,11632334.0,42658.58,6,18.75,2349.42
Europe,Bosnia and Herzegovina,3263459.0,11713.9,1,192.74,0.0
Europe,Bosnia and Herzegovina,3263459.0,11713.9,2,120.12,0.0
Europe,Bosnia and Herzegovina,3263459.0,11713.9,3,468.21,0.0
Europe,Bosnia and Herzegovina,3263459.0,11713.9,4,598.14,3.57
Europe,Bosnia and Herzegovina,3263459.0,11713.9,5,215.11,15.25
Europe,Bosnia and Herzegovina,3263459.0,11713.9,6,126.25,37.12
Europe,Bulgaria,6896655.0,18563.31,1,213.0,8.64
Europe,Bulgaria,6896655.0,18563.31,2,166.17,40.26
Europe,Bulgaria,6896655.0,18563.31,3,435.87,157.16
Europe,Bulgaria,6896655.0,18563.31,4,464.29,273.22
Europe,Bulgaria,6896655.0,18563.31,5,188.64,498.09
Europe,Bulgaria,6896655.0,18563.31,6,52.35,695.36
Europe,Croatia,4081657.0,22669.8,1,271.22,12.99
Europe,Croatia,4081657.0,22669.8,2,122.25,31.58
Europe,Croatia,4081657.0,22669.8,3,103.15,75.95
Europe,Croatia,4081657.0,22669.8,4,277.83,461.65
Europe,Croatia,4081657.0,22669.8,5,231.52,958.24
Europe,Croatia,4081657.0,22669.8,6,44.1,1285.38
Europe,Cyprus,896005.0,32415.13,1,87.05,7.08
Europe,Cyprus,896005.0,32415.13,2,37.94,30.67
Europe,Cyprus,896005.0,32415.13,3,27.9,25.53
Europe,Cyprus,896005.0,32415.13,4,58.03,180.44
Europe,Cyprus,896005.0,32415.13,5,58.03,815.89
Europe,Cyprus,896005.0,32415.13,6,15.62,1325.49
Europe,Czechia,10724553.0,32605.91,1,440.85,37.62
Europe,Czechia,10724553.0,32605.91,2,375.87,125.69
Europe,Czechia,10724553.0,32605.91,3,567.11,347.68
Europe,Czechia,10724553.0,32605.91,4,265.37,674.69
Europe,Czechia,10724553.0,32605.91,5,78.42,1228.74
Europe,Czechia,10724553.0,32605.91,6,18.18,1929.26
Europe,Denmark,5813302.0,46682.52,1,142.43,78.36
Europe,Denmark,5813302.0,46682.52,2,40.59,197.34
Europe,Denmark,5813302.0,46682.52,3,9.98,456.72
Europe,Denmark,5813302.0,46682.52,4,11.01,773.4
Europe,Denmark,5813302.0,46682.52,5,5.68,1385.74
Europe,Denmark,5813302.0,46682.52,6,3.1,1963.54
Europe,Estonia,1325188.0,29481.25,1,143.37,43.03
Europe,Estonia,1325188.0,29481.25,2,128.28,156.24
Europe,Estonia,1325188.0,29481.25,3,236.19,459.41
Europe,Estonia,1325188.0,29481.25,4,195.44,815.66
Europe,Estonia,1325188.0,29481.25,5,68.67,1369.21
Europe,Estonia,1325188.0,29481.25,6,12.83,1920.17
Europe,Finland,5548361.0,40585.72,1,19.83,23.59
Europe,Finland,5548361.0,40585.72,2,12.8,126.75
Europe,Finland,5548361.0,40585.72,3,18.38,365.45
Europe,Finland,5548361.0,40585.72,4,12.61,574.63
Europe,Finland,5548361.0,40585.72,5,7.57,990.23
Europe,Finland,5548361.0,40585.72,6,2.34,1630.64
Europe,France,67564251.0,38605.67,1,169.35,28.96
Europe,France,67564251.0,38605.67,2,153.62,133.54
Europe,France,67564251.0,38605.67,3,136.45,369.29
Europe,France,67564251.0,38605.67,4,131.4,743.47
Europe,France,67564251.0,38605.67,5,74.26,1367.12
Europe,France,67564251.0,38605.67,6,23.18,2060.52
Europe,Germany,83900471.0,45229.24,1,278.57,46.36
Europe,Germany,83900471.0,45229.24,2,154.81,146.97
Europe,Germany,83900471.0,45229.24,3,76.72,375.15
Europe,Germany,83900471.0,45229.24,4,77.57,754.86
Europe,Germany,83900471.0,45229.24,5,65.6,1501.32
Europe,Germany,83900471.0,45229.24,6,27.94,2279.76
Europe,Greece,10370747.0,24574.38,1,92.38,25.8
Europe,Greece,10370747.0,24574.38,2,68.27,136.88
Europe,Greece,10370747.0,24574.38,3,153.22,344.01
Europe,Greece,10370747.0,24574.38,4,220.62,605.5
Europe,Greece,10370747.0,24574.38,5,165.27,1086.14
Europe,Greece,10370747.0,24574.38,6,57.08,2042.29
Europe,Hungary,9634162.0,26777.56,1,310.04,26.62
Europe,Hungary,9634162.0,26777.56,2,254.3,154.91
Europe,Hungary,9634162.0,26777.56,3,598.18,568.4
Europe,Hungary,9634162.0,26777.56,4,706.13,1241.0
Europe,Hungary,9634162.0,26777.56,5,227.63,2322.7
Europe,Hungary,9634162.0,26777.56,6,26.88,375.38
Europe,Iceland,343360.0,46482.96,1,0.0,10.76
Europe,Iceland,343360.0,46482.96,2,0.0,88.28
Europe,Iceland,343360.0,46482.96,3,0.0,264.46
Europe,Iceland,343360.0,46482.96,4,0.0,331.25
Europe,Iceland,343360.0,46482.96,5,2.91,832.45
Europe,Iceland,343360.0,46482.96,6,0.0,1453.48
Europe,Ireland,4982904.0,67335.29,1,214.73,17.2
Europe,Ireland,4982904.0,67335.29,2,203.1,148.08
Europe,Ireland,4982904.0,67335.29,3,73.85,390.12
Europe,Ireland,4982904.0,67335.29,4,43.35,573.57
Europe,Ireland,4982904.0,67335.29,5,7.63,446.31
Europe,Ireland,4982904.0,67335.29,6,11.44,281.02
Europe,Italy,60367471.0,35220.08,1,237.83,54.15
Europe,Italy,60367471.0,35220.08,2,152.12,148.49
Europe,Italy,60367471.0,35220.08,3,192.94,376.05
Europe,Italy,60367471.0,35220.08,4,189.85,746.12
Europe,Italy,60367471.0,35220.08,5,88.15,1432.8
Europe,Italy,60367471.0,35220.08,6,23.82,2187.24
Europe,Kosovo,1775378.0,9795.83,1,93.5,0.0
Europe,Kosovo,1775378.0,9795.83,2,52.95,0.0
Europe,Kosovo,1775378.0,9795.83,3,154.33,0.0
Europe,Kosovo,1775378.0,9795.83,4,150.96,2.93
Europe,Kosovo,1775378.0,9795.83,5,64.21,5.71
Europe,Kosovo,1775378.0,9795.83,6,7.89,31.6
Europe,Latvia,1866934.0,25063.85,1,299.96,22.69
Europe,Latvia,1866934.0,25063.85,2,226.57,62.62
Europe,Latvia,1866934.0,25063.85,3,150.51,171.86
Europe,Latvia,1866934.0,25063.85,4,124.27,349.59
Europe,Latvia,1866934.0,25063.85,5,131.23,890.54
Europe,Latvia,1866934.0,25063.85,6,73.38,1578.66
Europe,Lithuania,2689862.0,29524.26,1,376.22,55.24
Europe,Lithuania,2689862.0,29524.26,2,162.09,172.09
Europe,Lithuania,2689862.0,29524.26,3,122.68,437.36
Europe,Lithuania,2689862.0,29524.26,4,129.74,835.75
Europe,Lithuania,2689862.0,29524.26,5,127.52,1523.65
Europe,Lithuania,2689862.0,29524.26,6,43.5,2199.96
Europe,Luxembourg,634814.0,94277.96,1,129.17,19.75
Europe,Luxembourg,634814.0,94277.96,2,94.52,94.04
Europe,Luxembourg,634814.0,94277.96,3,171.71,276.34
Europe,Luxembourg,634814.0,94277.96,4,78.76,613.58
Europe,Luxembourg,634814.0,94277.96,5,29.93,1154.9
Europe,Luxembourg,634814.0,94277.96,6,4.73,1867.58
Europe,Malta,514564.0,36513.32,1,93.28,54.35
Europe,Malta,514564.0,36513.32,2,93.28,290.22
Europe,Malta,514564.0,36513.32,3,149.64,799.57
Europe,Malta,514564.0,36513.32,4,40.81,1565.03
Europe,Malta,514564.0,36513.32,5,11.66,2582.3
Europe,Malta,514564.0,36513.32,6,1.94,3516.64
Europe,Moldova,4024025.0,5189.97,1,112.58,0.0
Europe,Moldova,4024025.0,5189.97,2,126.99,0.0
Europe,Moldova,4024025.0,5189.97,3,251.24,7.42
Europe,Moldova,4024025.0,5189.97,4,211.73,47.76
Europe,Moldova,4024025.0,5189.97,5,73.31,156.22
Europe,Moldova,4024025.0,5189.97,6,21.63,371.42
Europe,Montenegro,628051.0,16409.29,1,195.84,0.0
Europe,Montenegro,628051.0,16409.29,2,315.26,0.39
Europe,Montenegro,628051.0,16409.29,3,431.5,30.97
Europe,Montenegro,628051.0,16409.29,4,351.88,226.15
Europe,Montenegro,628051.0,16409.29,5,141.71,587.83
Europe,Montenegro,628051.0,16409.29,6,46.17,1127.41
Europe,Netherlands,17173094.0,48472.54,1,150.41,19.05
Europe,Netherlands,17173094.0,48472.54,2,92.01,136.51
Europe,Netherlands,17173094.0,48472.54,3,58.29,365.79
Europe,Netherlands,17173094.0,48472.54,4,41.29,716.29
Europe,Netherlands,17173094.0,48472.54,5,29.06,1375.01
Europe,Netherlands,17173094.0,48472.54,6,7.63,2252.22
Europe,North Macedonia,2082661.0,13111.21,1,169.01,0.0
Europe,North Macedonia,2082661.0,13111.21,2,135.4,0.0
Europe,North Macedonia,2082661.0,13111.21,3,309.22,0.62
Europe,North Macedonia,2082661.0,13111.21,4,515.68,32.39
Europe,North Macedonia,2082661.0,13111.21,5,267.93,187.51
Europe,North Macedonia,2082661.0,13111.21,6,34.09,470.43
Europe,Norway,5465629.0,64800.06,1,23.42,31.7
Europe,Norway,5465629.0,64800.06,2,10.61,169.71
Europe,Norway,5465629.0,64800.06,3,9.33,427.56
Europe,Norway,5465629.0,64800.06,4,15.19,737.88
Europe,Norway,5465629.0,64800.06,5,4.94,1272.74
Europe,Norway,5465629.0,64800.06,6,2.01,1925.98
Europe,Poland,37797000.0,27216.44,1,228.22,41.35
Europe,Poland,37797000.0,27216.44,2,174.33,133.18
Europe,Poland,37797000.0,27216.44,3,245.42,302.22
Europe,Poland,37797000.0,27216.44,4,382.49,453.64
Europe,Poland,37797000.0,27216.44,5,165.17,1158.24
Europe,Poland,37797000.0,27216.44,6,33.76,1855.5
Europe,Portugal,10167923.0,27936.9,1,548.39,46.34
Europe,Portugal,10167923.0,27936.9,2,377.17,162.97
Europe,Portugal,10167923.0,27936.9,3,52.22,400.34
Europe,Portugal,10167923.0,27936.9,4,12.39,742.25
Europe,Portugal,10167923.0,27936.9,5,5.01,1403.82
Europe,Portugal,10167923.0,27936.9,6,6.98,2039.71
Europe,Romania,19127772.0,23313.2,1,134.25,43.48
Europe,Romania,19127772.0,23313.2,2,105.34,166.69
Europe,Romania,19127772.0,23313.2,3,166.67,370.38
Europe,Romania,19127772.0,23313.2,4,238.98,643.11
Europe,Romania,19127772.0,23313.2,5,115.17,1077.78
Europe,Romania,19127772.0,23313.2,6,181.62,1248.96
Europe,Russia,145912022.0,24765.95,1,108.0,1.24
Europe,Russia,145912022.0,24765.95,2,86.84,0.0
Europe,Russia,145912022.0,24765.95,3,85.8,94.73
Europe,Russia,145912022.0,24765.95,4,75.88,317.02
Europe,Russia,145912022.0,24765.95,5,76.58,496.71
Europe,Russia,145912022.0,24765.95,6,92.58,697.73
Europe,San Marino,34010.0,56861.47,1,235.22,0.0
Europe,San Marino,34010.0,56861.47,2,205.82,0.1
Europe,San Marino,34010.0,56861.47,3,294.03,384.75
Europe,San Marino,34010.0,56861.47,4,176.42,1148.33
Europe,San Marino,34010.0,56861.47,5,0.0,1246.36
Europe,San Marino,34010.0,56861.47,6,0.0,2059.95
Europe,Serbia,6908224.0,14048.88,1,117.1,41.56
Europe,Serbia,6908224.0,14048.88,2,61.23,193.49
Europe,Serbia,6908224.0,14048.88,3,125.21,793.52
Europe,Serbia,6908224.0,14048.88,4,152.57,858.85
Europe,Serbia,6908224.0,14048.88,5,72.81,1160.42
Europe,Serbia,6908224.0,14048.88,6,26.35,495.27
Europe,Slovakia,5460726.0,30155.15,1,458.55,38.65
Europe,Slovakia,5460726.0,30155.15,2,466.42,159.49
Europe,Slovakia,5460726.0,30155.15,3,463.31,403.01
Europe,Slovakia,5460726.0,30155.15,4,359.85,697.05
Europe,Slovakia,5460726.0,30155.15,5,120.68,1185.62
Europe,Slovakia,5460726.0,30155.15,6,30.58,1731.24
Europe,Slovenia,2078723.0,31400.84,1,387.74,65.4
Europe,Slovenia,2078723.0,31400.84,2,160.2,151.38
Europe,Slovenia,2078723.0,31400.84,3,101.5,372.39
Europe,Slovenia,2078723.0,31400.84,4,97.65,693.11
Europe,Slovenia,2078723.0,31400.84,5,60.13,1247.26
Europe,Slovenia,2078723.0,31400.84,6,21.16,1899.03
Europe,Spain,46745211.0,34272.36,1,160.06,36.67
Europe,Spain,46745211.0,34272.36,2,231.53,112.4
Europe,Spain,46745211.0,34272.36,3,135.14,260.08
Europe,Spain,46745211.0,34272.36,4,58.98,570.04
Europe,Spain,46745211.0,34272.36,5,37.16,1046.73
Europe,Spain,46745211.0,34272.36,6,19.72,1632.23
Europe,Sweden,10160159.0,46949.28,1,281.89,7.71
Europe,Sweden,10160159.0,46949.28,2,121.56,25.24
Europe,Sweden,10160159.0,46949.28,3,62.89,53.33
Europe,Sweden,10160159.0,46949.28,4,57.38,98.92
Europe,Sweden,10160159.0,46949.28,5,39.66,219.53
Europe,Sweden,10160159.0,46949.28,6,17.52,276.12
Europe,Switzerland,8715494.0,57410.17,1,189.32,43.72
Europe,Switzerland,8715494.0,57410.17,2,56.57,181.77
Europe,Switzerland,8715494.0,57410.17,3,32.24,419.07
Europe,Switzerland,8715494.0,57410.17,4,29.6,720.18
Europe,Switzerland,8715494.0,57410.17,5,18.01,1380.4
Europe,Switzerland,8715494.0,57410.17,6,7.0,2205.02
Europe,Ukraine,43466822.0,7894.39,1,105.34,0.0
Europe,Ukraine,43466822.0,7894.39,2,81.53,0.02
Europe,Ukraine,43466822.0,7894.39,3,162.24,5.03
Europe,Ukraine,43466822.0,7894.39,4,263.81,28.65
Europe,Ukraine,43466822.0,7894.39,5,152.99,66.55
Europe,Ukraine,43466822.0,7894.39,6,46.19,119.16
Europe,United Kingdom,68207114.0,39753.24,1,480.08,191.4
Europe,United Kingdom,68207114.0,39753.24,2,245.07,649.47
Europe,United Kingdom,68207114.0,39753.24,3,56.77,1263.31
Europe,United Kingdom,68207114.0,39753.24,4,12.02,1852.3
Europe,United Kingdom,68207114.0,39753.24,5,3.96,2599.38
Europe,United Kingdom,68207114.0,39753.24,6,5.26,3184.22
North America,Antigua and Barbuda,98728.0,21490.94,1,20.26,0.0
North America,Antigua and Barbuda,98728.0,21490.94,2,70.9,0.0
North America,Antigua and Barbuda,98728.0,21490.94,3,141.8,104.43
North America,Antigua and Barbuda,98728.0,21490.94,4,40.52,143.26
North America,Antigua and Barbuda,98728.0,21490.94,5,101.29,371.89
North America,Antigua and Barbuda,98728.0,21490.94,6,0.0,536.87
North America,Aruba,107195.0,35973.78,3,0.0,24.04
North America,Aruba,107195.0,35973.78,4,0.0,1071.85
North America,Aruba,107195.0,35973.78,5,0.0,2298.21
North America,Aruba,107195.0,35973.78,6,0.0,2829.68
North America,Bahamas,396914.0,27717.85,1,15.12,0.0
North America,Bahamas,396914.0,27717.85,2,7.56,0.0
North America,Bahamas,396914.0,27717.85,3,22.67,2.17
North America,Bahamas,396914.0,27717.85,4,27.71,18.29
North America,Bahamas,396914.0,27717.85,5,78.1,35.6
North America,Bahamas,396914.0,27717.85,6,40.31,75.74
North America,Barbados,287708.0,16978.07,1,24.33,0.0
North America,Barbados,287708.0,16978.07,2,66.04,98.55
North America,Barbados,287708.0,16978.07,3,31.28,529.89
North America,Barbados,287708.0,16978.07,4,6.95,556.86
North America,Barbados,287708.0,16978.07,5,10.43,1283.74
North America,Barbados,287708.0,16978.07,6,0.0,1552.15
North America,Belize,404915.0,7824.36,1,130.9,0.0
North America,Belize,404915.0,7824.36,2,34.58,0.0
North America,Belize,404915.0,7824.36,3,4.94,42.99
North America,Belize,404915.0,7824.36,4,14.82,101.4
North America,Belize,404915.0,7824.36,5,2.47,200.87
North America,Belize,404915.0,7824.36,6,12.35,196.07
North America,Bermuda,62092.0,50669.32,1,0.0,15.29
North America,Bermuda,62092.0,50669.32,2,0.0,112.8
North America,Bermuda,62092.0,50669.32,3,0.0,282.68
North America,Bermuda,62092.0,50669.32,4,0.0,314.3
North America,Bermuda,62092.0,50669.32,5,0.0,529.35
North America,Bermuda,62092.0,50669.32,6,0.0,619.32
North America,Canada,38067913.0,44017.59,1,112.4,43.61
North America,Canada,38067913.0,44017.59,2,51.33,97.59
North America,Canada,38067913.0,44017.59,3,25.35,283.53
North America,Canada,38067913.0,44017.59,4,33.1,741.18
North America,Canada,38067913.0,44017.59,5,34.88,1506.09
North America,Canada,38067913.0,44017.59,6,19.65,2391.4
North America,Cayman Islands,66498.0,49903.03,1,0.0,0.0
North America,Cayman Islands,66498.0,49903.03,2,0.0,252.52
North America,Cayman Islands,66498.0,49903.03,3,0.0,633.7
North America,Cayman Islands,66498.0,49903.03,4,0.0,886.56
North America,Cayman Islands,66498.0,49903.03,5,0.0,901.81
North America,Cayman Islands,66498.0,49903.03,6,0.0,1462.6
North America,Costa Rica,5139053.0,15525.0,1,81.53,2.23
North America,Costa Rica,5139053.0,15525.0,2,38.14,6.44
North America,Costa Rica,5139053.0,15525.0,3,30.55,40.52
North America,Costa Rica,5139053.0,15525.0,4,53.32,50.77
North America,Costa Rica,5139053.0,15525.0,5,157.61,92.51
North America,Costa Rica,5139053.0,15525.0,6,121.81,204.07
North America,Dominica,72172.0,9673.37,1,0.0,0.0
North America,Dominica,72172.0,9673.37,2,0.0,18.3
North America,Dominica,72172.0,9673.37,3,0.0,186.72
North America,Dominica,72172.0,9673.37,4,0.0,149.83
North America,Dominica,72172.0,9673.37,5,0.0,337.63
North America,Dominica,72172.0,9673.37,6,0.0,315.48
North America,Dominican Republic,10953714.0,14600.86,1,23.01,0.0
North America,Dominican Republic,10953714.0,14600.86,2,39.62,0.64
North America,Dominican Republic,10953714.0,14600.86,3,20.54,51.6
North America,Dominican Republic,10953714.0,14600.86,4,14.15,115.95
North America,Dominican Republic,10953714.0,14600.86,5,13.51,860.79
North America,Dominican Republic,10953714.0,14600.86,6,17.71,1761.77
North America,El Salvador,6518500.0,7292.46,1,45.41,0.0
North America,El Salvador,6518500.0,7292.46,2,35.44,0.34
North America,El Salvador,6518500.0,7292.46,3,23.32,4.92
North America,El Salvador,6518500.0,7292.46,4,18.1,150.16
North America,El Salvador,6518500.0,7292.46,5,19.18,420.49
North America,El Salvador,6518500.0,7292.46,6,20.25,433.73
North America,Grenada,113015.0,13593.88,1,8.85,0.0
North America,Grenada,113015.0,13593.88,2,0.0,3.84
North America,Grenada,113015.0,13593.88,3,0.0,32.67
North America,Grenada,113015.0,13593.88,4,0.0,108.18
North America,Grenada,113015.0,13593.88,5,0.0,75.75
North America,Grenada,113015.0,13593.88,6,0.0,102.25
North America,Guatemala,18249868.0,7423.81,1,45.48,0.0
North America,Guatemala,18249868.0,7423.81,2,41.1,0.01
North America,Guatemala,18249868.0,7423.81,3,24.49,7.89
North America,Guatemala,18249868.0,7423.81,4,37.48,22.47
North America,Guatemala,18249868.0,7423.81,5,35.12,50.42
North America,Guatemala,18249868.0,7423.81,6,57.53,122.56
North America,Haiti,11541683.0,1653.17,1,0.78,0.0
North America,Haiti,11541683.0,1653.17,2,0.43,0.0
North America,Haiti,11541683.0,1653.17,3,0.17,0.0
North America,Haiti,11541683.0,1653.17,4,0.17,0.0
North America,Haiti,11541683.0,1653.17,5,4.76,0.0
North America,Haiti,11541683.0,1653.17,6,10.05,0.0
North America,Honduras,10062994.0,4541.8,1,47.7,0.0
North America,Honduras,10062994.0,4541.8,2,53.76,0.03
North America,Honduras,10062994.0,4541.8,3,45.11,1.15
North America,Honduras,10062994.0,4541.8,4,67.17,1.09
North America,Honduras,10062994.0,4541.8,5,106.53,10.52
North America,Honduras,10062994.0,4541.8,6,64.79,53.07
North America,Jamaica,2973462.0,8193.57,1,16.14,0.0
North America,Jamaica,2973462.0,8193.57,2,24.21,0.0
North America,Jamaica,2973462.0,8193.57,3,58.52,2.06
North America,Jamaica,2973462.0,8193.57,4,61.21,9.06
North America,Jamaica,2973462.0,8193.57,5,57.17,16.67
North America,Jamaica,2973462.0,8193.57,6,42.71,20.92
North America,Mexico,130262220.0,17336.47,1,251.26,8.44
North America,Mexico,130262220.0,17336.47,2,208.65,24.63
North America,Mexico,130262220.0,17336.47,3,134.3,111.92
North America,Mexico,130262220.0,17336.47,4,105.15,286.27
North America,Mexico,130262220.0,17336.47,5,51.13,476.06
North America,Mexico,130262220.0,17336.47,6,39.97,890.32
North America,Nicaragua,6702379.0,5321.44,1,0.6,0.0
North America,Nicaragua,6702379.0,5321.44,2,0.6,0.0
North America,Nicaragua,6702379.0,5321.44,3,0.74,0.0
North America,Nicaragua,6702379.0,5321.44,4,0.6,2.94
North America,Nicaragua,6702379.0,5321.44,5,0.6,4.98
North America,Nicaragua,6702379.0,5321.44,6,0.74,0.0
North America,Panama,4381583.0,22267.04,1,284.83,1.39
North America,Panama,4381583.0,22267.04,2,131.23,19.91
North America,Panama,4381583.0,22267.04,3,61.4,91.85
North America,Panama,4381583.0,22267.04,4,26.93,324.07
North America,Panama,4381583.0,22267.04,5,31.73,540.82
North America,Panama,4381583.0,22267.04,6,39.71,808.51
North America,Saint Kitts and Nevis,53546.0,24654.38,1,0.0,0.0
North America,Saint Kitts and Nevis,53546.0,24654.38,2,0.0,0.0
North America,Saint Kitts and Nevis,53546.0,24654.38,3,0.0,43.06
North America,Saint Kitts and Nevis,53546.0,24654.38,4,0.0,83.88
North America,Saint Kitts and Nevis,53546.0,24654.38,5,0.0,175.81
North America,Saint Kitts and Nevis,53546.0,24654.38,6,56.03,514.13
North America,Saint Lucia,184401.0,12951.84,1,43.38,0.0
North America,Saint Lucia,184401.0,12951.84,2,119.31,0.0
North America,Saint Lucia,184401.0,12951.84,3,135.58,57.27
North America,Saint Lucia,184401.0,12951.84,4,75.92,204.58
North America,Saint Lucia,184401.0,12951.84,5,27.12,235.19
North America,Saint Lucia,184401.0,12951.84,6,27.12,544.71
North America,Saint Vincent and the Grenadines,111269.0,10727.15,1,17.97,0.0
North America,Saint Vincent and the Grenadines,111269.0,10727.15,2,53.92,0.0
North America,Saint Vincent and the Grenadines,111269.0,10727.15,3,17.97,25.93
North America,Saint Vincent and the Grenadines,111269.0,10727.15,4,8.99,85.61
North America,Saint Vincent and the Grenadines,111269.0,10727.15,5,8.99,96.86
North America,Saint Vincent and the Grenadines,111269.0,10727.15,6,0.0,126.09
North America,Sint Maarten (Dutch part),43421.0,36327.23,5,0.0,246.64
North America,Sint Maarten (Dutch part),43421.0,36327.23,6,0.0,323.71
North America,Trinidad and Tobago,1403374.0,28763.07,1,4.99,0.0
North America,Trinidad and Tobago,1403374.0,28763.07,2,3.56,0.1
North America,Trinidad and Tobago,1403374.0,28763.07,3,2.14,0.0
North America,Trinidad and Tobago,1403374.0,28763.07,4,19.24,32.17
North America,Trinidad and Tobago,1403374.0,28763.07,5,232.3,144.16
North America,Trinidad and Tobago,1403374.0,28763.07,6,250.83,407.29
North America,United States,332915074.0,54225.45,1,291.96,113.15
North America,United States,332915074.0,54225.45,2,197.12,420.88
North America,United States,332915074.0,54225.45,3,112.66,1032.0
North America,United States,332915074.0,54225.45,4,71.46,1776.26
North America,United States,332915074.0,54225.45,5,54.59,2413.87
North America,United States,332915074.0,54225.45,6,31.02,2781.81
Oceania,Australia,25788217.0,44648.71,1,0.0,0.0
Oceania,Australia,25788217.0,44648.71,2,0.0,0.58
Oceania,Australia,25788217.0,44648.71,3,0.0,31.66
Oceania,Australia,25788217.0,44648.71,4,0.04,170.08
Oceania,Australia,25788217.0,44648.71,5,0.0,371.28
Oceania,Australia,25788217.0,44648.71,6,0.0,525.7
Oceania,Fiji,902899.0,8702.98,1,0.0,0.0
Oceania,Fiji,902899.0,8702.98,2,0.0,0.0
Oceania,Fiji,902899.0,8702.98,3,0.0,0.0
Oceania,Fiji,902899.0,8702.98,4,0.0,16.17
Oceania,Fiji,902899.0,8702.98,5,2.22,22.47
Oceania,Fiji,902899.0,8702.98,6,18.83,132.75
Oceania,Kiribati,121388.0,1981.13,5,0.0,0.0
Oceania,Kiribati,121388.0,1981.13,6,0.0,0.0
Oceania,Marshall Islands,59618.0,3819.2,1,0.0,0.0
Oceania,Marshall Islands,59618.0,3819.2,2,0.0,0.0
Oceania,Marshall Islands,59618.0,3819.2,3,0.0,0.0
Oceania,Marshall Islands,59618.0,3819.2,4,0.0,0.0
Oceania,Marshall Islands,59618.0,3819.2,5,0.0,0.0
Oceania,Marshall Islands,59618.0,3819.2,6,0.0,0.0
Oceania,Micronesia (country),116255.0,3299.46,1,0.0,0.0
Oceania,Micronesia (country),116255.0,3299.46,2,0.0,0.0
Oceania,Micronesia (country),116255.0,3299.46,3,0.0,0.0
Oceania,Micronesia (country),116255.0,3299.46,4,0.0,0.0
Oceania,Micronesia (country),116255.0,3299.46,5,0.0,0.0
Oceania,Micronesia (country),116255.0,3299.46,6,0.0,0.0
Oceania,Nauru,10873.0,12895.64,4,0.0,7.99
Oceania,Nauru,10873.0,12895.64,5,0.0,67.98
Oceania,Nauru,10873.0,12895.64,6,0.0,222.91
Oceania,New Zealand,4860642.0,36085.84,1,0.0,0.0
Oceania,New Zealand,4860642.0,36085.84,2,0.21,0.48
Oceania,New Zealand,4860642.0,36085.84,3,0.0,20.34
Oceania,New Zealand,4860642.0,36085.84,4,0.0,99.45
Oceania,New Zealand,4860642.0,36085.84,5,0.0,292.79
Oceania,New Zealand,4860642.0,36085.84,6,0.0,564.48
Oceania,Papua New Guinea,9119005.0,3823.19,1,0.0,0.0
Oceania,Papua New Guinea,9119005.0,3823.19,2,0.33,0.0
Oceania,Papua New Guinea,9119005.0,3823.19,3,5.26,0.0
Oceania,Papua New Guinea,9119005.0,3823.19,4,5.15,0.03
Oceania,Papua New Guinea,9119005.0,3823.19,5,6.03,0.31
Oceania,Papua New Guinea,9119005.0,3823.19,6,1.21,2.14
Oceania,Samoa,200144.0,6021.56,1,0.0,0.0
Oceania,Samoa,200144.0,6021.56,2,0.0,0.0
Oceania,Samoa,200144.0,6021.56,3,0.0,0.0
Oceania,Samoa,200144.0,6021.56,4,0.0,0.0
Oceania,Samoa,200144.0,6021.56,5,0.0,34.15
Oceania,Samoa,200144.0,6021.56,6,0.0,105.45
Oceania,Solomon Islands,703995.0,2205.92,1,0.0,0.0
Oceania,Solomon Islands,703995.0,2205.92,2,0.0,0.0
Oceania,Solomon Islands,703995.0,2205.92,3,0.0,0.0
Oceania,Solomon Islands,703995.0,2205.92,4,0.0,0.86
Oceania,Solomon Islands,703995.0,2205.92,5,0.0,0.0
Oceania,Solomon Islands,703995.0,2205.92,6,0.0,6.14
Oceania,Tonga,106759.0,5425.62,4,0.0,2.14
Oceania,Tonga,106759.0,5425.62,5,0.0,0.0
Oceania,Tonga,106759.0,5425.62,6,0.0,26.85
Oceania,Tuvalu,11925.0,3575.1,4,0.0,20.13
Oceania,Tuvalu,11925.0,3575.1,5,0.0,0.0
Oceania,Tuvalu,11925.0,3575.1,6,0.0,60.15
Oceania,Vanuatu,314464.0,2921.91,1,0.0,0.0
Oceania,Vanuatu,314464.0,2921.91,2,0.0,0.0
Oceania,Vanuatu,314464.0,2921.91,3,0.0,0.0
Oceania,Vanuatu,314464.0,2921.91,4,3.18,0.0
Oceania,Vanuatu,314464.0,2921.91,5,0.0,0.0
Oceania,Vanuatu,314464.0,2921.91,6,0.0,4.36
South America,Argentina,45605823.0,18933.91,1,103.69,8.42
South America,Argentina,45605823.0,18933.91,2,87.51,36.59
South America,Argentina,45605823.0,18933.91,3,85.36,166.06
South America,Argentina,45605823.0,18933.91,4,175.57,385.95
South America,Argentina,45605823.0,18933.91,5,311.98,679.7
South America,Argentina,45605823.0,18933.91,6,355.46,1098.22
South America,Bolivia,11832936.0,6885.83,1,102.6,0.0
South America,Bolivia,11832936.0,6885.83,2,107.33,0.13
South America,Bolivia,11832936.0,6885.83,3,51.38,40.38
South America,Bolivia,11832936.0,6885.83,4,58.65,118.69
South America,Bolivia,11832936.0,6885.83,5,132.93,276.3
South America,Bolivia,11832936.0,6885.83,6,189.55,273.64
South America,Brazil,213993441.0,14103.45,1,138.11,5.35
South America,Brazil,213993441.0,14103.45,2,142.24,69.57
South America,Brazil,213993441.0,14103.45,3,311.1,163.13
South America,Brazil,213993441.0,14103.45,4,384.43,379.89
South America,Brazil,213993441.0,14103.45,5,275.76,629.99
South America,Brazil,213993441.0,14103.45,6,258.3,918.75
South America,Chile,19212362.0,22767.04,1,95.98,5.75
South America,Chile,19212362.0,22767.04,2,110.34,285.7
South America,Chile,19212362.0,22767.04,3,133.4,1163.65
South America,Chile,19212362.0,22767.04,4,167.5,2007.91
South America,Chile,19212362.0,22767.04,5,153.39,2707.24
South America,Chile,19212362.0,22767.04,6,168.9,3283.6
South America,Colombia,51265841.0,13254.95,1,210.08,0.0
South America,Colombia,51265841.0,13254.95,2,112.81,1.24
South America,Colombia,51265841.0,13254.95,3,71.32,58.58
South America,Colombia,51265841.0,13254.95,4,200.88,181.34
South America,Colombia,51265841.0,13254.95,5,293.64,314.91
South America,Colombia,51265841.0,13254.95,6,346.63,713.94
South America,Ecuador,17888474.0,10581.94,1,46.12,0.34
South America,Ecuador,17888474.0,10581.94,2,53.22,4.61
South America,Ecuador,17888474.0,10581.94,3,57.91,44.93
South America,Ecuador,17888474.0,10581.94,4,99.73,150.46
South America,Ecuador,17888474.0,10581.94,5,108.51,381.85
South America,Ecuador,17888474.0,10581.94,6,55.23,650.76
South America,Guyana,790329.0,7435.05,1,15.18,0.0
South America,Guyana,790329.0,7435.05,2,24.04,0.31
South America,Guyana,790329.0,7435.05,3,45.55,6.1
South America,Guyana,790329.0,7435.05,4,82.25,52.45
South America,Guyana,790329.0,7435.05,5,117.68,50.5
South America,Guyana,790329.0,7435.05,6,101.23,356.01
South America,Paraguay,7219641.0,8827.01,1,63.3,0.0
South America,Paraguay,7219641.0,8827.01,2,63.99,0.08
South America,Paraguay,7219641.0,8827.01,3,141.98,6.7
South America,Paraguay,7219641.0,8827.01,4,301.82,32.85
South America,Paraguay,7219641.0,8827.01,5,387.97,115.42
South America,Paraguay,7219641.0,8827.01,6,513.74,285.06
South America,Peru,33359415.0,12236.71,1,321.95,0.0
South America,Peru,33359415.0,12236.71,2,560.32,10.53
South America,Peru,33359415.0,12236.71,3,626.92,64.88
South America,Peru,33359415.0,12236.71,4,698.0,122.15
South America,Peru,33359415.0,12236.71,5,512.06,269.38
South America,Peru,33359415.0,12236.71,6,256.24,545.19
South America,Suriname,591798.0,13767.12,1,54.08,0.0
South America,Suriname,591798.0,13767.12,2,30.42,0.0
South America,Suriname,591798.0,13767.12,3,8.45,30.71
South America,Suriname,591798.0,13767.12,4,45.63,63.36
South America,Suriname,591798.0,13767.12,5,165.6,161.8
South America,Suriname,591798.0,13767.12,6,371.75,533.49
South America,Uruguay,3485152.0,20551.41,1,73.17,0.0
South America,Uruguay,3485152.0,20551.41,2,49.36,0.02
South America,Uruguay,3485152.0,20551.41,3,105.02,243.11
South America,Uruguay,3485152.0,20551.41,4,471.14,1102.45
South America,Uruguay,3485152.0,20551.41,5,476.31,2080.37
South America,Uruguay,3485152.0,20551.41,6,377.89,2931.7
South America,Venezuela,28704947.0,16745.02,1,5.61,0.0
South America,Venezuela,28704947.0,16745.02,2,5.4,0.0
South America,Venezuela,28704947.0,16745.02,3,8.99,0.09
South America,Venezuela,28704947.0,16745.02,4,18.6,1.21
South America,Venezuela,28704947.0,16745.02,5,17.77,1.1
South America,Venezuela,28704947.0,16745.02,6,16.48,12.23
